,City,Cloudiness,Country,Date,Humidity,Lat,Lng,Max Temp,Wind Speed
0,Chui,0,UY,1583037421,88,-33.7,-53.46,291.78,1.97
1,Vila Franca do Campo,40,PT,1583037421,88,37.72,-25.43,290.15,6.7
2,New Norfolk,75,AU,1583037421,49,-42.78,147.06,295.93,4.6
3,Cidreira,0,BR,1583037421,75,-30.18,-50.21,295.87,7.07
4,Geraldton,0,AU,1583037422,33,-28.77,114.6,305.15,8.2
5,Busselton,47,AU,1583037422,30,-33.65,115.33,299.82,8.61
6,Tuktoyaktuk,40,CA,1583037423,74,69.45,-133.04,241.15,3.6
7,Kyren,99,RU,1583037424,81,51.68,102.14,261.27,2.33
8,Bredasdorp,35,ZA,1583037424,87,-34.53,20.04,291.48,3.6
9,West Point,1,US,1583037424,75,33.61,-88.65,283.15,2.73
10,Puerto Ayora,11,EC,1583037424,100,-0.74,-90.35,299.82,2.68
11,Clyde River,1,CA,1583037424,74,70.47,-68.59,240.15,7.2
12,Tuatapere,76,NZ,1583037425,60,-46.13,167.68,290.37,0.92
13,Saint Paul Harbor,40,US,1583037425,86,57.79,-152.41,274.15,0.89
14,Kapaa,75,US,1583037261,64,22.08,-159.32,299.15,11.3
15,Hermanus,2,ZA,1583037425,58,-34.42,19.23,292.04,9.55
16,Punta Arenas,75,CL,1583037343,82,-53.15,-70.92,286.15,3.6
17,Vaini,20,TO,1583037426,74,-21.2,-175.2,303.15,4.1
18,Kavieng,76,PG,1583037426,67,-2.57,150.8,302.84,0.56
19,Zaysan,89,KZ,1583037426,93,47.47,84.87,266.15,1.64
20,Roebourne,31,AU,1583037426,39,-20.78,117.13,310.65,7.6
21,Hasaki,75,JP,1583037427,41,35.73,140.83,290.93,2.1
22,Dutse,67,NG,1583037427,18,11.76,9.34,293.82,2.54
23,Acapulco de Juárez,5,MX,1583037145,78,16.86,-99.89,300.15,1.15
24,Ampanihy,93,MG,1583037427,79,-24.7,44.75,294.14,6.39
25,Albany,20,US,1583037427,62,42.6,-73.97,266.15,4.6
26,Ukiah,1,US,1583037428,61,39.15,-123.21,282.59,3.1
27,Pisco,40,PE,1583037428,88,-13.7,-76.22,295.15,6.2
28,Bluff,60,NZ,1583037428,57,-46.6,168.33,291.54,2.76
29,Cumana,90,VE,1583037428,74,10.46,-64.18,299.15,6.7
30,Ushuaia,75,AR,1583037407,87,-54.8,-68.3,284.15,10.3
31,Pingyi,85,CN,1583037429,50,35.5,117.63,283.33,5.05
32,Hilo,40,US,1583037321,64,19.73,-155.09,296.15,3.97
33,Puerto Cabello,35,VE,1583037429,83,10.47,-68.01,297.31,4.36
34,Cherskiy,2,RU,1583037430,94,68.75,161.3,252.8,2.63
35,Tatarskaya Kargala,90,RU,1583037430,92,51.95,55.17,271.15,3.0
36,Castro,45,BR,1583037430,96,-24.79,-50.01,286.24,2.35
37,Colares,20,PT,1583037430,87,38.8,-9.45,288.15,5.7
38,Yunhe,100,CN,1583037431,73,34.08,119.72,282.42,4.08
39,Khatanga,89,RU,1583037431,93,71.97,102.5,256.64,5.54
40,Mataura,52,NZ,1583037431,58,-46.19,168.86,290.36,3.92
41,Labuan,75,MY,1583037431,66,5.28,115.24,305.15,1.5
42,Pevek,100,RU,1583037432,99,69.7,170.31,252.76,2.43
43,Yellowknife,5,CA,1583037432,75,62.46,-114.35,246.48,3.6
44,Rikitea,100,PF,1583037432,80,-23.12,-134.97,299.88,6.54
45,São Filipe,21,CV,1583037432,62,14.9,-24.5,295.03,10.13
46,Ternovskaya,93,RU,1583037433,76,45.85,40.41,277.06,2.56
47,Atuona,31,PF,1583037433,77,-9.8,-139.03,301.11,7.68
48,Popondetta,100,PG,1583037433,85,-8.75,148.25,300.21,1.14
49,Chokurdakh,0,RU,1583037433,85,70.63,147.92,253.01,2.53
50,Vao,78,NC,1583037434,84,-22.67,167.48,300.0,6.06
51,Ust'-Barguzin,99,RU,1583037434,86,53.45,108.98,266.98,1.45
52,Corinth,20,GR,1583037434,64,37.94,22.96,282.04,2.1
53,Zhigansk,82,RU,1583037434,96,66.77,123.37,252.82,2.54
54,Bethel,1,US,1583037435,44,41.37,-73.41,269.82,2.6
55,Butaritari,96,KI,1583037435,81,3.07,172.79,301.47,10.21
56,Kaitangata,41,NZ,1583037435,86,-46.28,169.85,287.37,6.5
57,Lorengau,99,PG,1583037435,78,-2.02,147.27,301.45,3.17
58,Tiksi,43,RU,1583037435,84,71.69,128.87,255.21,4.09
59,Ostrovnoy,100,RU,1583037436,90,68.05,39.51,270.14,6.64
60,Hobart,75,AU,1583037436,49,-42.88,147.33,295.93,4.6
61,Omboué,100,GA,1583037436,93,-1.57,9.26,296.25,0.78
62,Arraial do Cabo,95,BR,1583037436,92,-22.97,-42.03,296.59,5.46
63,Ribeira Grande,87,PT,1583037437,86,38.52,-28.7,287.88,10.1
64,Margate,66,GB,1583037438,75,51.38,1.39,279.26,9.3
65,Hithadhoo,33,MV,1583037438,77,-0.6,73.08,301.32,5.66
66,Tayoltita,0,MX,1583037438,56,24.08,-105.93,288.33,2.4
67,Maniitsoq,95,GL,1583037438,71,65.42,-52.9,256.28,1.16
68,Port-Gentil,100,GA,1583037438,78,-0.72,8.78,300.53,4.77
69,Lavrentiya,0,RU,1583037439,89,65.58,-171.0,251.45,3.63
70,Challans,90,FR,1583037439,87,46.84,-1.87,281.48,2.1
71,Qaanaaq,0,GL,1583037439,66,77.48,-69.36,241.19,2.38
72,Canutama,96,BR,1583037439,96,-6.53,-64.38,296.06,0.3
73,Pacocha,82,PE,1583037440,87,-17.58,-71.33,295.7,0.67
74,Bonthe,1,SL,1583037440,95,7.53,-12.51,296.55,2.25
75,Nikolskoye,100,RU,1583037440,92,59.7,30.79,271.48,3.0
76,Zemio,0,CF,1583037440,30,5.03,25.14,297.57,0.36
77,Mar del Plata,0,AR,1583037407,93,-38.0,-57.56,293.15,1.0
78,Shimoda,75,JP,1583037441,54,34.67,138.95,289.82,5.1
79,Cape Town,0,ZA,1583037240,87,-33.93,18.42,289.82,2.6
80,Mount Gambier,40,AU,1583037418,60,-37.83,140.77,296.15,2.6
81,Villa Carlos Paz,0,AR,1583037441,82,-31.42,-64.5,295.93,3.6
82,Saskylakh,77,RU,1583037442,90,71.92,114.08,256.73,6.0
83,Hong Kong,40,HK,1583037247,73,22.29,114.16,301.48,3.1
84,Muscat,0,OM,1583037325,83,23.61,58.59,295.15,1.0
85,Quang Ngai,19,VN,1583037443,84,15.12,108.8,297.9,4.6
86,Vila,75,PT,1583037443,93,42.03,-8.16,288.71,9.3
87,Murgab,0,TM,1583037443,81,37.5,61.97,281.15,2.1
88,Zakamensk,100,RU,1583037443,57,50.37,103.29,266.45,4.2
89,Qui Nhon,4,VN,1583037445,58,13.77,109.23,302.98,3.35
90,Hofn,100,IS,1583037445,67,64.25,-15.21,277.55,20.36
91,Harper,47,LR,1583037445,94,4.38,-7.72,298.56,1.57
92,San Quintín,100,MX,1583037446,85,30.48,-115.95,287.54,2.61
93,Ati,0,TD,1583037446,16,13.22,18.34,297.13,5.56
94,Port Alfred,0,ZA,1583037446,92,-33.59,26.89,289.82,0.45
95,Saint George,1,US,1583037320,37,37.1,-113.58,285.15,2.79
96,Yar-Sale,100,RU,1583037184,88,66.83,70.83,271.22,10.99
97,Sitka,75,US,1583037447,69,57.05,-135.33,275.15,3.1
98,Aginskoye,73,RU,1583037447,74,51.1,114.53,267.26,3.44
99,Longyearbyen,40,SJ,1583037448,65,78.22,15.64,257.15,4.6
100,Ulaanbaatar,40,MN,1583037448,85,47.91,106.88,264.15,1.0
101,Severo-Kuril'sk,96,RU,1583037448,89,50.68,156.12,268.76,0.72
102,Baruun-Urt,0,MN,1583037448,82,46.68,113.28,263.93,4.64
103,George Town,20,MY,1583037252,66,5.41,100.34,306.15,2.6
104,Meulaboh,79,ID,1583037449,71,4.14,96.13,302.21,1.75
105,Port Elizabeth,0,ZA,1583037449,93,-33.92,25.57,290.15,2.6
106,Saint-Philippe,27,RE,1583037449,66,-21.36,55.77,302.15,1.0
107,Jamestown,20,US,1583037380,85,42.1,-79.24,271.15,4.1
108,Leningradskiy,99,RU,1583037450,86,69.38,178.42,255.52,8.73
109,Povenets,9,RU,1583037450,90,62.85,34.83,261.62,2.43
110,San Ramon,90,US,1583037450,57,37.78,-121.98,284.82,16.5
111,Southbridge,1,US,1583037451,52,42.08,-72.03,268.15,5.1
112,Quatre Cocos,40,MU,1583037451,88,-20.21,57.76,300.37,1.99
113,Leh,94,IN,1583037451,49,34.17,77.58,262.07,0.56
114,Carnarvon,12,AU,1583037452,66,-24.87,113.63,302.15,9.8
115,Jumla,73,NP,1583037452,87,29.27,82.18,279.82,2.34
116,Teguise,1,ES,1583037452,82,29.06,-13.56,289.15,2.6
117,Fortuna,75,US,1583037452,75,40.6,-124.16,281.48,4.6
118,Biak,83,ID,1583037453,67,-0.91,122.88,304.96,4.08
119,Esperance,90,AU,1583037453,72,-33.87,121.9,291.15,10.8
120,Waddān,0,LY,1583037453,41,29.16,16.14,287.17,2.81
121,Gouré,88,NE,1583037453,20,13.98,10.27,296.48,3.58
122,Ancud,0,CL,1583037454,77,-41.87,-73.82,289.15,4.1
123,Mishkino,100,RU,1583037454,95,55.34,63.92,270.29,2.54
124,Chapais,75,CA,1583037454,84,49.78,-74.85,259.15,2.1
125,Tieling,33,CN,1583037454,45,42.29,123.84,274.26,4.17
126,Bengkulu,99,ID,1583037455,56,-3.8,102.27,305.33,2.43
127,Udachny,91,RU,1583037455,84,66.42,112.4,255.15,2.0
128,Buala,61,SB,1583037455,68,-8.14,159.59,302.83,2.7
129,Cabo San Lucas,20,MX,1583037455,48,22.89,-109.91,292.59,4.01
130,Lompoc,75,US,1583037455,76,34.64,-120.46,284.26,1.5
131,Harar,46,ET,1583037456,27,9.31,42.13,295.76,1.56
132,Genhe,100,CN,1583037456,81,50.78,121.52,264.85,2.76
133,Murray Bridge,74,AU,1583037311,34,-35.12,139.27,300.37,0.89
134,Henties Bay,100,NA,1583037456,82,-22.12,14.28,292.52,1.2
135,São Gabriel da Cachoeira,60,BR,1583037456,97,-0.13,-67.09,295.8,0.57
136,Ossora,0,RU,1583037184,75,59.24,163.07,259.14,3.42
137,Sīkar,0,IN,1583037457,36,27.62,75.15,299.19,1.81
138,Saldanha,0,ZA,1583037457,40,-33.01,17.94,295.15,1.0
139,Eyl,0,SO,1583037458,72,7.98,49.82,298.33,6.52
140,Nevers,75,FR,1583037458,81,46.99,3.16,280.37,5.7
141,Hualmay,100,PE,1583037458,81,-11.1,-77.61,295.06,1.55
142,Inzer,100,RU,1583037458,89,54.22,57.56,271.08,1.27
143,Rabo de Peixe,40,PT,1583037458,88,37.8,-25.58,290.15,6.7
144,Avarua,0,CK,1583037459,78,-21.21,-159.78,301.15,1.0
145,Pochutla,40,MX,1583037459,88,15.74,-96.47,300.15,2.6
146,Mahébourg,40,MU,1583037459,88,-20.41,57.7,300.37,0.32
147,Constantine,0,DZ,1583037459,65,36.37,6.61,278.15,1.5
148,Souillac,40,MU,1583037460,88,-20.52,57.52,300.37,0.32
149,Aklavik,20,CA,1583037460,69,68.22,-135.01,248.15,3.1
150,Provideniya,0,RU,1583037460,86,64.38,-173.3,253.02,6.26
151,Nanortalik,0,GL,1583037460,64,60.14,-45.24,263.01,7.16
152,Manzanillo,45,CU,1583037461,73,20.34,-77.12,292.07,3.74
153,Pangnirtung,50,CA,1583037461,90,66.15,-65.71,244.1,1.23
154,Evensk,0,RU,1583037461,70,61.95,159.23,259.43,3.81
155,Zheleznodorozhnyy,71,RU,1583037461,92,55.75,38.0,273.15,2.0
156,Benjamín Aceval,0,PY,1583037461,53,-24.97,-57.57,297.15,4.1
157,Torbay,5,CA,1583037462,78,47.67,-52.73,266.48,3.6
158,Palmer,20,US,1583037462,57,42.16,-72.33,267.59,4.1
159,Itarema,100,BR,1583037463,95,-2.92,-39.92,297.19,0.81
160,Forsytheganj,100,BY,1583037463,68,52.63,29.73,275.61,7.32
161,Peruíbe,100,BR,1583037463,70,-24.32,-47.0,295.8,2.31
162,Ilulissat,5,GL,1583037463,51,69.22,-51.1,247.15,2.1
163,Nome,1,US,1583037258,46,64.5,-165.41,260.15,4.1
164,Karpogory,100,RU,1583037464,95,64.0,44.45,267.35,3.83
165,Bilibino,100,RU,1583037464,100,68.05,166.44,249.7,1.12
166,Bud,20,US,1583037464,58,39.45,-86.18,272.59,3.6
167,Atar,0,MR,1583037464,14,20.52,-13.05,292.09,3.8
168,Borogontsy,0,RU,1583037465,86,62.67,131.17,260.71,1.44
169,Plátanos,48,GR,1583037465,66,37.67,21.62,277.15,1.5
170,Beloha,78,MG,1583037465,63,-25.17,45.05,297.4,6.56
171,Praia da Vitória,20,PT,1583037465,87,38.73,-27.07,288.15,12.26
172,Quimper,90,FR,1583037465,75,48.0,-4.1,281.15,2.6
173,Katsuura,75,JP,1583037466,54,35.13,140.3,291.48,2.6
174,Mabaruma,32,GY,1583037467,97,8.2,-59.78,293.54,0.54
175,Inírida,32,CO,1583037467,96,3.87,-67.92,296.0,0.96
176,Kingaroy,3,AU,1583037467,45,-26.53,151.83,303.15,3.6
177,Ambon City,40,ID,1583037308,63,-3.7,128.18,306.15,4.1
178,Naze,75,JP,1583037468,88,28.37,129.48,294.15,6.2
179,Sapa,99,PH,1583037468,73,5.15,120.32,301.64,2.33
180,Altay,0,CN,1583037469,58,47.87,88.12,270.31,0.78
181,Kloulklubed,75,PW,1583037469,66,7.04,134.26,303.15,7.7
182,Xai-Xai,10,MZ,1583037469,72,-25.05,33.64,296.66,3.47
183,Basco,49,PH,1583037469,82,20.45,121.97,298.7,7.26
184,Norman Wells,40,CA,1583037414,82,65.28,-126.83,244.15,1.5
185,Klaksvík,100,FO,1583037470,80,62.23,-6.59,277.15,12.9
186,Kapoeta,100,SS,1583037470,32,4.77,33.59,305.06,4.09
187,Salalah,20,OM,1583037470,56,17.02,54.09,296.15,1.5
188,Garoowe,34,SO,1583037470,51,8.41,48.48,296.18,2.63
189,Nantucket,1,US,1583037470,42,41.28,-70.1,271.15,8.7
190,Airai,93,TL,1583037471,61,-8.93,125.41,301.07,1.52
191,Rome,90,US,1583037188,78,43.21,-75.46,267.04,1.5
192,Ballangen,97,NO,1583037471,92,68.34,16.83,268.71,6.2
193,Ushtobe,0,KZ,1583037473,29,45.25,77.98,281.3,0.57
194,Amahai,89,ID,1583037473,72,-3.33,128.92,303.0,3.46
195,Grand Gaube,40,MU,1583037473,88,-20.01,57.66,300.37,2.4
196,San Cristobal,40,VE,1583037473,78,7.77,-72.22,298.15,2.1
197,Dunedin,15,NZ,1583037408,83,-45.87,170.5,287.75,8.03
198,Pimentel,75,PE,1583037474,29,-6.84,-79.93,292.15,4.6
199,Tasiilaq,100,GL,1583037474,78,65.61,-37.64,265.15,2.6
200,Narsaq,0,GL,1583037474,49,60.92,-46.05,255.15,2.6
201,Bajah,14,YE,1583037475,53,13.81,44.63,292.22,2.08
202,Talnakh,99,RU,1583037475,78,69.49,88.4,261.15,12.0
203,Namatanai,79,PG,1583037475,69,-3.67,152.43,303.0,2.94
204,Lidköping,66,SE,1583037476,100,58.51,13.16,276.15,6.2
205,Neyshabur,0,IR,1583037476,35,36.21,58.8,285.87,1.25
206,Lüderitz,49,NA,1583037476,93,-26.65,15.16,292.15,5.1
207,Taoudenni,0,ML,1583037476,18,22.68,-3.98,289.84,2.14
208,Aleksandrovskoye,90,RU,1583037476,95,44.71,43.0,273.15,2.0
209,Trairi,100,BR,1583037477,92,-3.28,-39.27,296.42,0.86
210,Bac Lieu,40,VN,1583037477,48,9.29,105.72,305.19,6.23
211,Bundaberg,40,AU,1583037477,55,-24.85,152.35,304.82,5.7
212,Hervey Bay,40,AU,1583037477,55,-25.3,152.85,304.82,5.7
213,Manzhouli,94,CN,1583037477,87,49.6,117.43,263.92,2.07
214,Kungurtug,98,RU,1583037478,73,50.6,97.52,265.58,6.31
215,Gladstone,0,AU,1583037269,48,-23.85,151.25,303.15,5.7
216,Coruripe,31,BR,1583037408,75,-10.13,-36.18,299.93,3.61
217,Cayenne,40,GF,1583037478,78,4.93,-52.33,299.15,2.6
218,Newport,20,GB,1583037479,66,51.59,-3.0,278.15,6.7
219,Stromness,100,GB,1583037479,80,58.97,-3.3,278.15,4.6
220,Sisimiut,55,GL,1583037479,83,66.94,-53.67,246.21,1.93
221,Alice Springs,100,AU,1583037479,11,-23.7,133.88,309.15,5.7
222,Noumea,40,NC,1583037479,62,-22.28,166.46,304.15,5.7
223,Pizarro,66,CO,1583037480,77,4.95,-77.37,300.24,1.66
224,Coahuayana Viejo,0,MX,1583037480,61,18.73,-103.68,295.29,1.98
225,Rawson,0,AR,1583037480,64,-43.3,-65.1,292.7,7.59
226,Dikson,100,RU,1583037183,78,73.51,80.55,262.28,13.08
227,Florianópolis,20,BR,1583037481,100,-27.61,-48.5,294.82,0.5
228,Djibo,0,BF,1583037481,12,14.1,-1.63,292.97,3.52
229,Solnechnyy,65,RU,1583037481,90,50.72,136.63,266.55,1.77
230,São João da Barra,100,BR,1583037481,93,-21.64,-41.05,296.51,0.68
231,Broken Hill,24,AU,1583037481,9,-31.95,141.43,307.15,6.7
232,Barrow,1,US,1583037482,75,71.29,-156.79,247.15,2.6
233,Sinnamary,27,GF,1583037482,83,5.38,-52.95,298.84,6.79
234,Agüimes,20,ES,1583037482,77,27.91,-15.45,290.15,7.7
235,Lincoln,1,US,1583037192,46,40.8,-96.67,286.48,5.1
236,Itoman,75,JP,1583037483,78,26.12,127.67,299.15,6.7
237,East London,0,ZA,1583037483,87,-33.02,27.91,289.15,2.1
238,Upernavik,80,GL,1583037483,88,72.79,-56.15,241.01,1.4
239,Muros,75,ES,1583037483,100,42.78,-9.06,288.71,7.2
240,Camabatela,100,AO,1583037484,95,-8.19,15.38,291.02,3.23
241,Egvekinot,0,RU,1583037484,85,66.32,-179.17,253.25,4.1
242,La Primavera,74,CO,1583037484,45,5.49,-70.41,302.12,1.72
243,Ormara,0,PK,1583037484,61,25.21,64.64,296.04,1.78
244,Meru,24,KE,1583037485,61,0.05,37.66,289.84,2.84
245,Verkhoyansk,0,RU,1583037485,81,67.54,133.38,255.84,0.39
246,Port Hedland,38,AU,1583037485,59,-20.32,118.57,308.15,4.1
247,Banda Aceh,50,ID,1583037262,50,5.56,95.32,306.13,4.26
248,Eureka,1,US,1583037486,70,40.8,-124.16,281.48,4.6
249,Faanui,100,PF,1583037486,88,-16.48,-151.75,299.72,16.21
250,Jalu,0,LY,1583037486,72,29.03,21.55,286.23,1.07
251,Acaraú,100,BR,1583037486,95,-2.89,-40.12,297.19,0.81
252,Havre-St-Pierre,1,CA,1583037486,92,50.23,-63.6,263.15,3.6
253,Lagoa,98,PT,1583037487,82,39.05,-27.98,289.72,12.6
254,Portland,75,US,1583037335,93,45.52,-122.68,277.59,0.43
255,Berlevåg,100,NO,1583037487,69,70.86,29.09,271.51,6.19
256,Ibrā’,0,OM,1583037487,36,22.69,58.53,296.69,1.18
257,Show Low,75,US,1583037488,45,34.25,-110.03,281.15,3.1
258,Ketchikan,90,US,1583037488,86,55.34,-131.65,278.15,1.5
259,Kupang,40,ID,1583037266,84,-10.17,123.58,303.15,5.7
260,La Peca,70,PE,1583037488,93,-5.61,-78.44,292.68,1.31
261,Bandarbeyla,0,SO,1583037488,69,9.49,50.81,298.36,6.26
262,Iqaluit,40,CA,1583037398,68,63.75,-68.51,244.26,2.1
263,Seydi,0,TM,1583037489,45,39.48,62.91,287.7,2.11
264,Launceston,90,AU,1583037489,77,-41.45,147.17,290.93,6.2
265,Iquique,38,CL,1583037489,73,-20.22,-70.14,294.15,4.6
266,Ñuñoa,97,PE,1583037490,81,-14.48,-70.64,277.72,1.37
267,Constitución,0,CL,1583037490,90,-35.33,-72.42,285.44,0.9
268,Djambala,100,CG,1583037490,94,-2.54,14.75,293.4,2.66
269,Limenaria,75,GR,1583037491,75,40.63,24.58,280.37,2.1
270,Rocha,26,UY,1583037491,96,-34.48,-54.33,290.29,2.8
271,Pangody,100,RU,1583037491,93,65.85,74.49,271.44,11.28
272,Sobolevo,94,RU,1583037491,71,54.43,31.9,273.77,7.95
273,Sangar,0,RU,1583037491,91,63.92,127.47,257.73,0.87
274,Kumul,0,CN,1583037372,26,42.8,93.45,280.23,2.19
275,Tilichiki,0,RU,1583037492,86,60.47,166.1,254.1,3.68
276,Kiryat Gat,75,IL,1583037303,67,31.61,34.76,288.15,8.7
277,Mossamedes,6,AO,1583037492,76,-15.2,12.15,296.14,1.14
278,Neftçala,2,AZ,1583037492,85,39.37,49.25,282.2,4.91
279,Carlyle,1,US,1583037493,69,38.61,-89.37,277.59,2.6
280,Katobu,98,ID,1583037493,64,-4.94,122.53,304.79,2.6
281,Verāval,0,IN,1583037493,25,20.9,70.37,304.98,0.92
282,Ponta do Sol,20,PT,1583037493,72,32.67,-17.1,290.15,2.6
283,Kodīnar,0,IN,1583037494,25,20.79,70.7,304.98,0.92
284,Mirny,90,RU,1583037494,85,62.54,113.96,263.15,3.0
285,Viedma,0,AR,1583037494,67,-40.81,-63.0,292.91,6.23
286,Catuday,0,PH,1583037494,67,16.29,119.81,300.18,4.33
287,Klamath Falls,1,US,1583037330,63,42.22,-121.78,272.59,6.2
288,Lebu,0,CL,1583037495,94,-37.62,-73.65,283.34,0.43
289,Adelaide,40,AU,1583037393,39,-34.93,138.6,300.37,7.2
290,Pointe Michel,4,DM,1583037495,73,15.25,-61.38,298.67,6.24
291,Sistranda,75,NO,1583037495,73,63.73,8.83,269.82,5.7
292,Thessalon,1,CA,1583037496,85,46.25,-83.57,266.15,1.25
293,Ostashkov,100,RU,1583037496,84,57.15,33.11,272.33,5.4
294,Llanes,83,ES,1583037496,96,43.42,-4.75,282.59,4.49
295,Yataity del Norte,0,PY,1583037496,69,-24.83,-56.35,292.43,1.04
296,Kędzierzyn-Koźle,75,PL,1583037496,80,50.35,18.23,279.26,6.2
297,Xingyi,0,CN,1583037497,26,24.19,102.82,297.08,5.46
298,Fukuechō,75,JP,1583037497,76,32.69,128.84,285.15,3.1
299,Haveli Lakha,0,PK,1583037497,48,30.45,73.7,295.55,2.57
300,Saint-Joseph,14,RE,1583037497,66,-21.37,55.62,302.15,1.0
301,Oranjestad,20,AW,1583037290,74,12.52,-70.03,300.15,7.2
302,Karratha,25,AU,1583037498,80,-20.74,116.85,302.86,3.94
303,Teacapan,0,MX,1583037498,71,22.55,-105.75,292.48,0.95
304,Sarny,100,UA,1583037498,64,51.34,26.6,275.98,6.21
305,Izumo,75,JP,1583037498,62,35.37,132.77,285.15,8.2
306,Campoverde,75,PE,1583037499,88,-8.48,-74.81,298.15,1.5
307,Tubualá,20,PA,1583037499,65,9.52,-79.03,299.15,3.1
308,Huarmey,100,PE,1583037499,80,-10.07,-78.15,295.55,1.22
309,Kiama,59,AU,1583037499,51,-34.68,150.87,305.93,8.2
310,Hamina,90,FI,1583037501,94,60.57,27.2,273.15,3.6
311,Puksoozero,94,RU,1583037501,92,62.59,40.61,262.39,4.1
312,Astara,20,AZ,1583037501,45,38.5,48.67,279.15,7.2
313,Malanje,100,AO,1583037501,95,-9.54,16.34,291.36,2.78
314,Fernley,90,US,1583037502,22,39.61,-119.25,282.15,4.6
315,Sioux Lookout,90,CA,1583037502,79,50.1,-91.92,271.15,1.5
316,Inhambane,50,MZ,1583037502,65,-23.86,35.38,298.07,6.7
317,Nokha,0,IN,1583037502,28,27.6,73.42,299.78,4.7
318,Vigeland,83,NO,1583037502,97,58.08,7.3,277.59,3.6
319,San Luis,0,AR,1583037503,27,-33.3,-66.34,298.51,7.01
320,Camapuã,0,BR,1583037503,93,-19.53,-54.04,291.71,1.52
321,Coyhaique,69,CL,1583037503,72,-45.58,-72.07,288.15,1.5
322,Calderitas,25,MX,1583037503,77,18.55,-88.25,293.6,4.28
323,Kahului,40,US,1583037207,68,20.89,-156.47,295.15,6.7
324,Izazi,20,TZ,1583037504,94,-7.2,35.73,293.15,2.6
325,Namtsy,0,RU,1583037504,83,62.72,129.67,252.15,1.0
326,Kamenka,0,RU,1583037504,90,51.32,42.77,270.93,1.34
327,Rawlins,1,US,1583037505,59,41.79,-107.24,275.15,6.7
328,Panjakent,0,TJ,1583037505,58,39.5,67.61,285.15,5.1
329,La Rioja,90,ES,1583037505,62,42.25,-2.5,284.15,4.1
330,Şırnak,75,TR,1583037505,80,37.52,42.46,279.28,3.77
331,Sibolga,83,ID,1583037505,57,1.74,98.78,305.47,0.96
332,Chontalpa,68,MX,1583037506,88,17.7,-93.52,287.79,0.47
333,Takoradze,14,GH,1583037506,96,4.88,-1.76,298.65,1.72
334,Jolalpan,0,MX,1583037506,40,18.32,-98.84,295.37,0.45
335,La Santisima Trinidad,51,BO,1583037506,65,-14.83,-64.9,294.49,1.56
336,College,20,US,1583037507,76,64.86,-147.8,261.15,2.02
337,Yinchuan,29,CN,1583037507,22,38.47,106.27,279.33,1.94
338,Yumen,67,CN,1583037508,22,40.28,97.2,278.06,4.75
339,Koshurnikovo,0,RU,1583037508,81,54.17,93.3,270.08,1.33
340,Port Macquarie,13,AU,1583037508,62,-31.43,152.92,303.71,7.7
341,Bambous Virieux,40,MU,1583037509,88,-20.34,57.76,300.37,3.36
342,Piaçabuçu,12,BR,1583037509,77,-10.41,-36.43,299.23,2.36
343,Lano,26,NG,1583037509,22,10.17,11.47,295.09,1.09
344,Chardara,27,KZ,1583037509,44,41.25,67.97,289.82,4.6
345,Chumikan,100,RU,1583037510,83,54.72,135.31,262.26,1.45
346,Santiago de Cuba,40,CU,1583037510,73,20.02,-75.82,295.15,5.7
347,Porto Recanati,85,IT,1583037510,76,43.44,13.66,283.71,1.0
348,Mount Isa,85,AU,1583037510,22,-20.73,139.5,310.15,4.6
349,Todos Santos,20,MX,1583037510,48,23.45,-110.22,292.59,1.29
350,Marawi,26,PH,1583037511,73,8.0,124.29,300.93,3.13
351,Sterling,1,US,1583037511,65,39.01,-77.43,274.26,5.1
352,Kamyshevatskaya,0,RU,1583037511,73,46.41,37.96,276.78,3.05
353,Bilma,0,NE,1583037511,16,18.69,12.92,292.99,3.94
354,San Rafael,17,AR,1583037235,27,-34.62,-68.33,297.62,6.28
355,Torbeyevo,19,RU,1583037391,94,54.08,43.25,268.13,3.85
356,Khanbari,7,NP,1583037512,58,27.37,87.2,284.52,2.8
357,Peleduy,99,RU,1583037512,88,59.63,112.74,266.67,1.35
358,Mahon,67,ES,1583037513,82,39.89,4.27,287.15,3.6
359,San Jose,75,US,1583037342,61,37.34,-121.89,284.26,2.6
360,Tarko-Sale,100,RU,1583037513,87,64.92,77.78,270.37,12.4
361,Kathu,5,TH,1583037513,46,7.92,98.33,305.15,5.1
362,Léo,0,BF,1583037514,11,11.1,-2.1,296.01,3.18
363,Nevel',100,RU,1583037514,91,56.02,29.93,273.01,6.32
364,Araouane,0,ML,1583037514,9,18.9,-3.53,292.31,4.76
365,Chiang Rai,0,TH,1583037514,50,19.91,99.83,300.37,1.5
366,Sorong,67,ID,1583037260,93,-0.88,131.25,301.44,2.0
367,Lebyazh'ye,100,RU,1583037515,94,55.27,66.49,267.99,3.53
368,Husavik,90,IS,1583037515,79,66.04,-17.34,273.15,2.1
369,Guerrero Negro,97,MX,1583037515,64,27.98,-114.06,289.32,4.6
370,Rørvik,100,NO,1583037515,62,64.86,11.24,272.96,9.15
371,Tazovsky,100,RU,1583037516,86,67.47,78.7,265.64,13.3
372,Abéché,0,TD,1583037516,12,13.83,20.83,296.78,10.91
373,Bousso,8,TD,1583037516,21,10.48,16.71,298.28,2.64
374,Puerto Colombia,0,CO,1583037511,74,10.99,-74.95,299.15,7.7
375,Havelock,1,US,1583037517,38,34.88,-76.9,278.15,4.6
376,Vargem Grande,100,BR,1583037517,99,-3.54,-43.92,296.25,1.01
377,Palmas Bellas,4,PA,1583037517,74,9.23,-80.09,299.15,3.6
378,San Patricio,0,MX,1583037517,71,19.22,-104.7,297.79,2.86
379,Agirish,49,RU,1583037518,81,61.92,63.02,270.67,5.78
380,Upata,20,VE,1583037518,93,8.01,-62.4,292.97,2.12
381,Whittlesea,14,ZA,1583037518,73,-32.18,26.82,289.5,1.45
382,Sur,0,OM,1583037519,31,22.57,59.53,299.43,1.6
383,Mamit,0,IN,1583037519,25,23.93,92.48,304.44,1.38
384,Bathsheba,40,BB,1583037519,73,13.22,-59.52,298.15,7.7
385,Dalby,24,AU,1583037307,38,-27.18,151.27,304.15,3.1
386,Gloucester,20,GB,1583037424,86,51.87,-2.24,278.15,5.1
387,Saint-Pierre,14,RE,1583037521,66,-21.34,55.48,302.15,1.0
388,Walvis Bay,75,NA,1583037521,88,-22.96,14.51,293.15,1.5
389,Timmins,5,CA,1583037521,83,48.47,-81.33,251.15,1.5
390,Broome,90,US,1583037522,78,42.25,-75.83,267.04,3.1
391,Luanda,75,AO,1583037235,88,-8.84,13.23,297.15,2.6
392,Ranau,20,MY,1583037522,70,5.95,116.66,305.15,2.6
393,Necochea,0,AR,1583037522,96,-38.55,-58.74,290.93,1.79
394,Ayr,75,GB,1583037523,86,55.46,-4.63,278.15,12.3
395,Lososina,14,RU,1583037523,90,49.0,140.31,262.92,3.69
396,Nemuro,90,JP,1583037523,92,43.32,145.57,268.15,2.1
397,Takaka,88,NZ,1583037247,73,-40.85,172.8,295.93,1.34
398,Las Juntas,0,MX,1583037524,67,19.42,-104.7,293.18,1.09
399,Jijiga,78,ET,1583037524,23,9.35,42.8,296.1,4.35
400,Zacualpan,5,MX,1583037524,94,21.25,-105.17,296.48,1.0
401,Samarai,99,PG,1583037524,63,-10.62,150.67,303.58,1.87
402,Baykit,18,RU,1583037525,83,61.67,96.37,263.28,0.63
403,Virginia Beach,1,US,1583037407,37,36.85,-75.98,277.15,3.6
404,Atakent,42,KZ,1583037525,38,40.85,68.51,289.28,2.97
405,Huixquilucan,5,MX,1583037525,58,19.36,-99.35,292.15,0.94
406,Immokalee,1,US,1583037526,65,26.42,-81.42,287.15,3.14
407,Bagratashen,75,AM,1583037526,81,41.24,44.82,279.15,7.2
408,Te Anau,17,NZ,1583037526,68,-45.42,167.72,290.71,2.74
409,Le Port,47,RE,1583037526,74,-20.94,55.29,302.15,0.5
410,Brae,70,GB,1583037527,69,60.4,-1.35,279.15,9.3
411,Songea,75,TZ,1583037527,94,-10.68,35.65,293.15,3.1
412,Kargasok,99,RU,1583037527,95,59.06,80.86,273.94,6.93
413,Peace River,20,CA,1583037527,84,56.25,-117.29,260.15,1.43
414,Thinadhoo,47,MV,1583037528,78,0.53,72.93,301.24,5.67
415,Los Llanos de Aridane,40,ES,1583037528,82,28.66,-17.92,290.15,2.6
416,Chimoré,55,BO,1583037528,66,-16.98,-65.13,295.22,1.17
417,Prince Rupert,90,CA,1583037462,74,54.32,-130.32,277.15,2.6
418,Gushikawa,90,JP,1583037529,77,26.35,127.87,299.15,5.1
419,St. George's,20,GD,1583037529,69,12.06,-61.75,299.15,7.7
420,Lichuan,28,CN,1583037529,58,30.3,108.85,287.32,2.56
421,La Ronge,90,CA,1583037530,85,55.1,-105.28,267.15,7.7
422,Dwārka,0,IN,1583037530,76,22.24,68.97,296.15,2.06
423,Boca do Acre,100,BR,1583037530,90,-8.75,-67.4,295.88,0.85
424,Laguna,90,US,1583037457,62,38.42,-121.42,286.48,3.1
425,Wamba,50,NG,1583037531,25,8.93,8.6,294.7,1.85
426,Narodychi,100,UA,1583037531,71,51.2,29.08,274.96,6.6
427,El Monte,40,US,1583037531,72,34.07,-118.03,290.15,2.6
428,Erzin,20,TR,1583037532,100,36.96,36.2,283.15,0.44
429,Alta Floresta,100,BR,1583037532,98,-9.88,-56.09,295.61,0.75
430,Lanivtsi,100,UA,1583037532,78,49.86,26.09,275.45,5.67
431,Smolenka,100,RU,1583037532,57,52.14,113.5,266.15,1.0
432,Benito Juarez,5,MX,1583037258,34,19.39,-99.17,292.15,5.1
433,Wanning,13,CN,1583037533,75,18.8,110.4,298.46,3.69
434,Bonavista,0,CA,1583037533,75,48.65,-53.11,267.55,1.54
435,Sola,75,VU,1583037533,74,-13.88,167.55,303.15,3.48
436,Margherita,20,IN,1583037533,43,27.28,95.68,301.98,0.43
437,Kaeo,78,NZ,1583037533,74,-35.1,173.78,297.59,2.24
438,Beringovskiy,9,RU,1583037534,87,63.05,179.32,252.85,9.42
439,Whitehorse,90,CA,1583037474,66,60.72,-135.05,262.15,10.3
440,Dingle,69,PH,1583037534,60,11.0,122.67,302.69,5.11
441,Road Town,1,VG,1583037534,88,18.42,-64.62,298.15,2.1
442,Mahabalipuram,40,IN,1583037535,66,12.63,80.17,302.59,1.5
443,Puerto Baquerizo Moreno,56,EC,1583037535,85,-0.9,-89.6,299.81,3.14
444,Deputatsky,0,RU,1583037535,60,69.3,139.9,256.59,2.22
445,Hanna,100,CA,1583037535,93,51.63,-111.9,268.71,4.92
446,Abu Samrah,100,SY,1583037535,82,35.3,37.18,280.47,5.53
447,Kropotkin,99,RU,1583037536,84,45.44,40.58,276.22,5.28
448,Asău,100,RO,1583037536,63,46.43,26.4,275.37,6.7
449,Sittwe,0,MM,1583037536,47,20.15,92.9,298.25,3.64
450,Kieta,22,PG,1583037536,68,-6.22,155.63,302.74,1.8
451,Rusnė,75,LT,1583037537,93,55.3,21.38,278.15,8.0
452,Langsa,71,ID,1583037537,57,4.47,97.97,305.05,2.97
453,Petropavlovsk-Kamchatskiy,61,RU,1583037537,50,53.05,158.65,272.15,2.0
454,Palana,0,RU,1583037537,84,59.12,159.97,259.4,2.58
455,Tautira,75,PF,1583037537,94,-17.73,-149.15,298.15,7.7
456,Xihe,0,CN,1583037538,50,31.69,113.47,289.28,5.54
457,Faya,0,SA,1583037538,58,18.39,42.45,286.15,3.6
458,Vestmannaeyjar,100,IS,1583037538,70,63.44,-20.27,276.56,7.58
459,Port Hardy,40,CA,1583037538,86,50.7,-127.42,276.15,3.1
460,Begunitsy,94,RU,1583037538,92,59.59,29.32,270.15,3.0
461,Fort Nelson,20,CA,1583037539,70,58.81,-122.7,255.15,1.32
462,Saint-Augustin,8,CA,1583037539,91,51.23,-58.65,262.27,2.96
463,Mitsamiouli,40,KM,1583037539,88,-11.38,43.28,300.15,2.6
464,Vila Velha,90,BR,1583037539,100,-20.33,-40.29,297.15,1.5
465,Tateyama,75,JP,1583037540,54,34.98,139.87,291.48,5.1
466,Myitkyina,0,MM,1583037540,22,25.38,97.4,305.96,0.82
467,Cockburn Town,84,TC,1583037540,78,21.46,-71.14,296.48,10.37
468,Altamira,92,BR,1583037540,96,-3.2,-52.21,295.61,0.58
469,Tura,0,IN,1583037540,24,25.52,90.22,306.46,0.55
470,Kruisfontein,0,ZA,1583037541,74,-34.0,24.73,291.48,2.91
471,Mama,99,RU,1583037541,85,58.31,112.9,265.39,0.84
472,Moskovskiy,94,RU,1583037541,92,55.6,37.35,273.15,3.0
473,Aksu,11,CN,1583037542,26,41.12,80.26,283.68,0.98
474,Opotiki,19,NZ,1583037542,70,-38.08,177.28,298.15,2.24
475,Belmonte,75,BR,1583037542,88,-15.86,-38.88,297.15,1.5
476,Mumford,18,GH,1583037542,94,5.26,-0.76,298.41,1.34
477,Pokhara,36,NP,1583037543,30,28.23,83.98,299.17,2.03
478,Codrington,100,AU,1583037543,82,-38.27,141.97,290.18,10.17
479,Aljezur,83,PT,1583037543,94,37.32,-8.8,287.04,7.14
480,Cartagena,0,CO,1583037543,78,10.4,-75.51,299.15,4.1
481,Roald,100,NO,1583037543,74,62.58,6.13,275.37,7.7
482,Norfolk,17,US,1583037544,57,42.17,-71.25,268.71,6.2
483,Mingora,0,PK,1583037544,34,34.78,72.36,286.24,2.44
484,Olinda,40,BR,1583037544,83,-8.01,-34.86,300.15,2.1
485,Thompson,90,CA,1583037544,92,55.74,-97.86,268.15,2.6
486,Ahipara,100,NZ,1583037545,79,-35.17,173.17,294.95,2.75
487,Janakkala,75,FI,1583037545,97,60.9,24.6,274.26,3.6
488,Hare Bay,20,CA,1583037545,79,48.85,-54.01,267.15,2.6
489,Jackson,90,US,1583037366,65,42.42,-122.83,279.15,3.1
490,Batagay-Alyta,32,RU,1583037546,61,67.8,130.41,256.6,0.79
491,Bereda,40,ES,1583037546,76,43.27,-7.54,286.15,7.7
492,Cuenca,100,EC,1583037334,87,-2.88,-78.98,289.15,1.0
493,Alofi,1,NU,1583037546,74,-19.06,-169.92,302.15,4.1
494,Kalmunai,51,LK,1583037546,78,7.42,81.82,300.21,6.58
495,Mobaye,12,CF,1583037547,51,4.32,21.18,300.1,0.81
496,Clarence Town,40,AU,1583037547,55,-32.58,151.78,307.04,3.6
497,Sorrento,75,IT,1583037547,81,40.63,14.37,286.48,6.7
498,Saint Stephen,86,GB,1583037547,75,50.33,-4.9,279.82,10.8
499,Rancho Palos Verdes,40,US,1583037548,72,33.74,-118.39,289.26,2.6
500,Nuuk,16,GL,1583037548,71,64.18,-51.72,257.15,5.7
501,Grindavik,75,IS,1583037548,74,63.84,-22.43,275.15,8.2
502,Srednekolymsk,0,RU,1583037548,82,67.45,153.68,259.93,2.25
503,Bulungu,100,CD,1583037549,90,-4.55,18.6,296.07,1.07
504,Kirovskiy,100,RU,1583037549,87,45.09,133.51,268.69,1.46
505,Santiago,0,CL,1583037225,72,-33.46,-70.65,291.15,2.1
506,Chiredzi,68,ZW,1583037549,82,-21.05,31.67,292.13,3.14
507,Birnin Kebbi,65,NG,1583037549,14,12.45,4.2,295.61,3.39
508,Kayerkan,100,RU,1583037550,78,69.35,87.76,261.15,12.0
509,Tromsø,40,NO,1583037550,72,69.65,18.96,265.15,5.1
510,Barra do Garças,100,BR,1583037550,99,-15.89,-52.26,293.77,0.71
511,Statesboro,1,US,1583037550,51,32.45,-81.78,279.15,2.17
512,Mitzic,100,GA,1583037551,94,0.78,11.55,295.06,1.19
513,Osypenko,0,UA,1583037551,64,46.91,36.83,276.24,2.14
514,Verkhnevilyuysk,100,RU,1583037551,91,63.45,120.32,259.21,1.53
515,Glenwood Springs,90,US,1583037551,58,39.55,-107.32,278.15,5.1
516,Kolpny,0,RU,1583037551,80,52.23,37.04,273.08,4.76
517,Beidao,50,CN,1583037552,27,34.57,105.89,282.6,3.6
518,Khani,90,GE,1583037552,93,41.96,42.96,281.15,4.6
519,Augustów,100,PL,1583037552,91,53.84,22.98,277.52,5.8
520,Pacific Grove,1,US,1583037552,70,36.62,-121.92,284.26,4.1
521,Liku,45,ID,1583037553,71,-0.73,119.89,301.77,1.34
522,Rovigo,75,IT,1583037553,65,45.08,11.79,281.48,3.1
523,Kosh-Agach,46,RU,1583037306,80,50.0,88.67,261.61,0.57
524,Sturgis,1,US,1583037553,72,41.8,-85.42,268.15,1.5
525,Santa Maria,0,BR,1583037553,72,-29.68,-53.81,291.15,2.1
526,Cedar Rapids,1,US,1583037554,82,42.01,-91.64,276.15,7.2
527,Shubarkuduk,100,KZ,1583037554,88,49.14,56.49,272.17,2.73
528,Bara,13,NG,1583037554,22,10.37,10.73,294.76,1.83
529,Foso,33,GH,1583037554,92,5.7,-1.29,298.95,1.18
530,Touros,75,BR,1583037555,94,-5.2,-35.46,298.15,1.0
531,San Carlos del Zulia,59,VE,1583037555,85,9.0,-71.91,296.81,2.12
532,Hannibal,1,US,1583037555,52,39.71,-91.36,278.71,5.1
533,Cambrils,96,ES,1583037555,47,41.07,1.05,288.71,3.6
534,Miguel Hidalgo,5,MX,1583037555,34,19.42,-99.2,292.15,5.1
535,Dawson Creek,1,CA,1583037556,77,55.77,-120.24,262.15,1.45
536,Hamilton,1,US,1583037556,73,39.18,-84.53,271.48,2.09
537,Nizhneangarsk,98,RU,1583037556,68,55.78,109.55,261.81,2.29
538,Palekastro,0,GR,1583037556,58,35.2,26.25,284.82,3.58
539,Oussouye,0,SN,1583037557,73,12.48,-16.55,297.15,1.0
540,Shahreza,0,IR,1583037557,29,32.03,51.88,286.12,5.81
541,Zapolyarnyy,68,RU,1583037557,84,69.42,30.81,258.15,5.7
542,Phang Nga,46,TH,1583037557,46,8.45,98.53,305.15,5.1
543,Manicoré,100,BR,1583037557,99,-5.81,-61.3,296.4,1.62
544,Mayo,1,US,1583037558,58,38.89,-76.51,274.26,2.1
545,Wonosari,40,ID,1583037558,70,-7.97,110.6,303.15,3.1
546,‘Ewa Beach,75,US,1583037558,77,21.32,-158.01,297.15,6.2
547,Ugoofaaru,14,MV,1583037558,74,5.67,73.0,301.1,4.44
548,Karasjok,100,NO,1583037559,85,69.47,25.51,264.15,5.7
549,Sibu,75,MY,1583037485,79,2.3,111.82,303.15,1.5
550,Sinjār,72,IQ,1583037559,74,36.32,41.88,284.26,6.24
551,Qasigiannguit,5,GL,1583037559,51,68.82,-51.19,247.15,2.1
552,Nishihara,75,JP,1583037559,78,26.18,127.76,299.15,6.7
553,Iralaya,89,HN,1583037560,78,15.0,-83.23,298.42,10.92
